x-value, y-value 
334.206451,207.989090 
72.698799,248.620789 
169.883392,30.267822 
311.319000,338.152039 
121.172714,149.758987 
199.182007,52.116798 
327.047150,281.615784 
316.571869,223.429062 
372.328705,128.484695 
242.383118,132.965500 
351.245636,185.559296 
295.011871,264.786346 
264.183105,125.187454 
25.565403,77.746445 
284.500732,3.678054 
217.047165,311.916077 
373.676788,386.005280 
390.734253,270.763611 
323.847107,98.067429 
219.284821,320.162384 
169.178314,179.761063 
44.189285,289.327789 
332.097290,359.069366 
79.097137,185.679932 
322.426575,223.574615 
18.413456,274.942108 
152.203232,79.797386 
354.695404,165.491028 
207.542038,158.855255 
280.048889,381.656372 
